question,answer
hi,hi! Welcome to the stock market chatbot. How can I help you today?
hello,hello! Welcome to the stock market chatbot. How can I help you today?
What is the stock market?,The stock market is a marketplace where buyers and sellers trade shares of publicly listed companies.
How does the stock market work?,It operates through exchanges where investors buy and sell stocks based on supply and demand.
What are stocks?,Stocks represent ownership in a company and entitle the holder to a portion of the company's profits and assets.
What is a stock exchange?,"A stock exchange is a platform where stocks, bonds, and other securities are bought and sold, such as the NYSE or NASDAQ."
What is an IPO?,An Initial Public Offering (IPO) is when a private company offers its shares to the public for the first time.
What are dividends?,"Dividends are payments made by a corporation to its shareholders, usually derived from profits."
What is market capitalization?,"Market capitalization is the total market value of a company's outstanding shares, calculated as share price times total shares."
What is a bear market?,"A bear market is a period of declining stock prices, typically marked by a drop of 20% or more."
What is a bull market?,"A bull market is a period of rising stock prices, generally indicating economic growth and investor confidence."
What is stock volatility?,Stock volatility refers to the rate at which a stock's price fluctuates over a given period.
What is a stock index?,"A stock index is a measurement of a section of the stock market, such as the S&P 500 or Dow Jones Industrial Average."
What is the S&P 500?,The S&P 500 is a stock index that tracks the 500 largest publicly traded companies in the U.S.
What is the Dow Jones Industrial Average (DJIA)?,"The DJIA is a stock market index that tracks 30 large, publicly owned companies in the U.S."
What is the NASDAQ?,NASDAQ is a stock exchange that primarily lists technology and growth companies.
What is the difference between the NASDAQ and NYSE?,"NASDAQ is an electronic exchange that lists tech-heavy companies, while NYSE is a traditional floor-based exchange with larger, established companies."
What is a stockbroker?,A stockbroker is a licensed professional who buys and sells stocks on behalf of investors.
What is a trading account?,A trading account is an account used by investors to buy and sell securities in the stock market.
What is a demat account?,A demat (dematerialized) account holds stocks and securities in an electronic format.
What is a limit order?,A limit order is a type of order where an investor specifies a price at which they are willing to buy or sell a stock.
What is a market order?,A market order is a buy or sell order executed immediately at the best available price.
What is a stop-loss order?,A stop-loss order automatically sells a stock when its price reaches a predetermined level to prevent further losses.
What is short selling?,"Short selling is when an investor borrows a stock, sells it, and buys it back later at a lower price to make a profit."
What is margin trading?,"Margin trading is when investors borrow money from a broker to trade stocks, using their investments as collateral."
What is an ETF?,An Exchange-Traded Fund (ETF) is a type of investment fund that tracks an index and trades like a stock on an exchange.
What is a mutual fund?,"A mutual fund is a pool of money collected from investors to invest in stocks, bonds, or other assets."
What is fundamental analysis?,"Fundamental analysis evaluates a company's financial health, earnings, and economic factors to determine its stock value."
What is technical analysis?,Technical analysis studies past price movements and trading volumes to predict future stock price movements.
What is P/E ratio?,The Price-to-Earnings (P/E) ratio measures a company's share price relative to its earnings per share.
What is EPS?,Earnings Per Share (EPS) represents a company's profitability by dividing net profit by outstanding shares.
What is book value?,"Book value is the net worth of a company, calculated as total assets minus liabilities."
What is market liquidity?,Market liquidity refers to how easily an asset can be bought or sold without affecting its price.
What is a blue-chip stock?,"A blue-chip stock belongs to a well-established, financially sound company with a long history of stable earnings."
What is penny stock?,"A penny stock is a low-priced, high-risk stock of a small company with limited liquidity."
What is stock diversification?,Stock diversification involves investing in a variety of stocks to reduce risk.
What is risk tolerance?,Risk tolerance is an investor's ability and willingness to endure losses in their portfolio.
What is stock split?,"A stock split increases the number of shares in a company while reducing the price per share, without affecting total market value."
What is reverse stock split?,A reverse stock split reduces the number of shares in a company while increasing the price per share.
What is dividend yield?,Dividend yield is the ratio of a company's annual dividend compared to its share price.
What is an earnings report?,"An earnings report is a financial document released by a company showing its revenue, expenses, and net profit."
What is a 52-week high and low?,The 52-week high and low are the highest and lowest prices of a stock in the past year.
What is insider trading?,"Insider trading is the illegal buying or selling of stocks based on non-public, material information."
What is a bull trap?,"A bull trap occurs when a stock appears to be rising but then reverses downward, trapping buyers."
What is a bear trap?,"A bear trap occurs when a stock appears to be falling but then reverses upward, trapping short sellers."
What is a circuit breaker in stock trading?,A circuit breaker is a mechanism that temporarily halts trading to prevent excessive volatility.
What is pre-market trading?,Pre-market trading is the buying and selling of stocks before the official stock market opens.
What is after-hours trading?,After-hours trading is the buying and selling of stocks after the market closes.
What is an index fund?,An index fund is a mutual fund or ETF designed to replicate the performance of a specific stock market index.
What is an IPO lock-up period?,An IPO lock-up period is a restriction preventing early investors from selling shares for a specific time after an IPO.
What is portfolio rebalancing?,Portfolio rebalancing is adjusting asset allocations to maintain a desired investment strategy.
What is algorithmic trading?,Algorithmic trading is the use of computer programs to execute trades at high speed based on pre-set conditions.
What is a hedge fund?,A hedge fund is an investment fund that uses various strategies to maximize returns for wealthy investors.
What is an options contract?,"An options contract gives the holder the right, but not the obligation, to buy or sell a stock at a predetermined price."
What is a call option?,A call option gives the buyer the right to buy a stock at a fixed price before expiration.
What is a put option?,A put option gives the buyer the right to sell a stock at a fixed price before expiration.
What is the role of the SEC?,The U.S. Securities and Exchange Commission (SEC) regulates and enforces laws to protect investors in financial markets.
What is an index rebalancing?,Index rebalancing is adjusting the weights of stocks in an index to maintain its intended structure.
What is an all-time high?,An all-time high is the highest price a stock has ever reached.
What is an all-time low?,An all-time low is the lowest price a stock has ever reached.
What is stock buyback?,A stock buyback occurs when a company repurchases its own shares to reduce supply and increase stock value.
What is an economic bubble?,"An economic bubble occurs when asset prices rise far above their intrinsic value, often leading to a market crash."
What is a stock market correction?,A correction is a short-term decline of at least 10% in stock prices after a strong upward trend.
What is a market rally?,A market rally is a period of sustained stock price increases after a decline.
question,answer
What is a portfolio?,"A portfolio is a collection of financial assets such as stocks, bonds, and cash held by an investor."
What is a financial derivative?,A financial derivative is a contract whose value is derived from an underlying asset like stocks or commodities.
What is a bond?,A bond is a fixed-income investment where an investor loans money to a company or government for a fixed interest rate.
What is a stock warrant?,A stock warrant is a contract that gives the holder the right to buy a company's stock at a specific price before expiration.
What is a market maker?,A market maker is a firm or individual that buys and sells stocks to provide market liquidity.
What is volume in stock trading?,Volume refers to the number of shares traded in a given period.
What is stock dilution?,"Stock dilution occurs when a company issues more shares, reducing the ownership percentage of existing shareholders."
What is fair value in stock trading?,Fair value is the estimated worth of a stock based on financial analysis and future earnings potential.
What is a candlestick chart?,A candlestick chart is a type of financial chart used to show stock price movements over time.
What is a moving average?,A moving average is a technical analysis tool that smooths price data to identify trends over time.
What is a golden cross?,"A golden cross occurs when a short-term moving average crosses above a long-term moving average, signaling a bullish trend."
What is a death cross?,"A death cross occurs when a short-term moving average crosses below a long-term moving average, signaling a bearish trend."
What is an overbought stock?,A stock is overbought when it has risen too much too quickly and may be due for a correction.
What is an oversold stock?,A stock is oversold when it has dropped too much and may be due for a rebound.
What is RSI (Relative Strength Index)?,RSI is a momentum indicator that measures the speed and change of price movements to identify overbought and oversold conditions.
What is MACD (Moving Average Convergence Divergence)?,MACD is a trend-following indicator that shows the relationship between two moving averages of a stock's price.
What is Fibonacci retracement?,Fibonacci retracement is a technical analysis tool used to identify potential support and resistance levels.
What is stock float?,Stock float refers to the number of shares available for public trading.
What is beta in stock trading?,Beta measures a stock’s volatility compared to the overall market.
What is a cyclical stock?,"A cyclical stock is one whose price moves in relation to the overall economy, such as automobile or travel stocks."
What is a defensive stock?,"A defensive stock is one that remains stable during economic downturns, such as utility or healthcare stocks."
What is an ADR (American Depositary Receipt)?,An ADR is a certificate issued by a U.S. bank representing shares of a foreign company.
What is a GDR (Global Depositary Receipt)?,"A GDR is a bank-issued certificate that represents shares in a foreign company, allowing it to be traded globally."
What is a rights issue?,A rights issue is when a company offers existing shareholders the chance to buy additional shares at a discounted price.
What is a tender offer?,A tender offer is when a company or investor offers to buy shares directly from shareholders at a specified price.
What is a hostile takeover?,A hostile takeover is when a company attempts to acquire another company without approval from its board of directors.
What is a friendly takeover?,A friendly takeover is when one company acquires another with mutual agreement.
What is a merger?,A merger is when two companies combine to form a single entity.
What is an acquisition?,An acquisition is when one company purchases another company.
What is a spin-off?,A spin-off is when a company creates a new independent company by distributing shares of a subsidiary to shareholders.
What is a leveraged buyout (LBO)?,"A leveraged buyout is when a company is purchased using borrowed money, with the acquired company’s assets used as collateral."
What is a special purpose acquisition company (SPAC)?,A SPAC is a company created to raise money through an IPO to acquire another company.
What is the bid price?,The bid price is the highest price a buyer is willing to pay for a stock.
What is the ask price?,The ask price is the lowest price a seller is willing to accept for a stock.
What is the bid-ask spread?,The bid-ask spread is the difference between the bid price and the ask price of a stock.
What is arbitrage?,Arbitrage is the practice of buying and selling an asset in different markets to profit from price differences.
What is dark pool trading?,Dark pool trading refers to private stock trading that is not visible to the public market.
What is high-frequency trading (HFT)?,HFT is an automated trading strategy that uses powerful computers to execute trades at extremely high speeds.
What is a stock rights plan?,"A stock rights plan, also called a poison pill, is used by companies to prevent hostile takeovers."
What is circuit breaking in the stock market?,Circuit breakers temporarily halt trading during extreme market volatility.
What is a stock market index rebalancing?,Index rebalancing adjusts the weight of stocks in an index to reflect market changes.
What is sector rotation?,Sector rotation is an investment strategy that shifts assets between different market sectors based on economic trends.
What is window dressing in stock markets?,Window dressing is when fund managers buy top-performing stocks before reporting results to make their holdings look better.
What is a primary market?,"The primary market is where new securities are issued and sold for the first time, such as in an IPO."
What is a secondary market?,The secondary market is where existing stocks and securities are bought and sold among investors.
What is a stock trading halt?,A trading halt is a temporary suspension of trading for a stock or the entire market.
What is the ex-dividend date?,The ex-dividend date is the cutoff date to be eligible for a dividend payment.
What is a stock market circuit breaker?,A stock market circuit breaker is a mechanism that stops trading if prices fall too sharply.
What is a breakout in stock trading?,A breakout occurs when a stock moves above a resistance level or below a support level with high volume.
What is a fake breakout?,A fake breakout happens when a stock temporarily moves past a key level but fails to sustain the movement.
What is a pump and dump scheme?,A pump and dump scheme is a type of fraud where the price of a stock is artificially inflated before selling off at a profit.
What is a stock buyback?,A stock buyback occurs when a company repurchases its own shares to reduce supply and increase stock value.
What is the role of a stock analyst?,A stock analyst researches and provides recommendations on stocks to help investors make informed decisions.
What is a bull flag pattern?,A bull flag is a technical chart pattern that signals a potential continuation of an upward trend.
What is a bear flag pattern?,A bear flag is a technical chart pattern that signals a potential continuation of a downward trend.
What is a trend reversal?,A trend reversal occurs when the price direction of a stock changes from an uptrend to a downtrend or vice versa.
What is quantitative trading?,Quantitative trading uses mathematical models and algorithms to identify trading opportunities.
What is a penny stock?,"A penny stock is a low-priced, high-risk stock of a small company with limited liquidity."
What is a defensive sector?,A defensive sector includes industries like healthcare and utilities that perform well during economic downturns.
What is an asset allocation?,Asset allocation is the strategy of dividing investments among different asset classes to manage risk.
What is a margin call?,A margin call occurs when an investor must deposit additional funds to maintain a minimum margin balance.
What is a trailing stop order?,A trailing stop order sets a stop price that moves with the stock's price to lock in gains while protecting against losses.
What is a market correction?,A market correction is a short-term decline of at least 10% in stock prices after a strong upward trend.
What is a dead cat bounce?,"A dead cat bounce is a temporary recovery in stock prices after a sharp decline, followed by further losses."
What is a portfolio beta?,Portfolio beta measures the overall risk of a portfolio relative to the market.
What is a dividend?,A dividend is a portion of a company's earnings distributed to shareholders.
What is a stock split?,"A stock split increases the number of shares by dividing existing shares, reducing the stock price."
What is a reverse stock split?,"A reverse stock split reduces the number of shares, increasing the stock price."
What is the P/E ratio?,The price-to-earnings (P/E) ratio measures a stock's valuation by dividing its price by earnings per share.
What is EPS (Earnings Per Share)?,EPS is a company's net profit divided by the number of outstanding shares.
What is a growth stock?,A growth stock is expected to grow at a faster rate than the market average.
What is a value stock?,"A value stock trades at a lower price relative to its fundamentals, considered undervalued."
What is a small-cap stock?,A small-cap stock has a market capitalization between $300 million and $2 billion.
What is a mid-cap stock?,A mid-cap stock has a market capitalization between $2 billion and $10 billion.
What is a large-cap stock?,A large-cap stock has a market capitalization above $10 billion.
What is a mega-cap stock?,A mega-cap stock has a market capitalization above $200 billion.
What is a growth investing strategy?,Growth investing focuses on companies with high potential for revenue and earnings growth.
What is a value investing strategy?,Value investing focuses on undervalued stocks with strong fundamentals.
What is a follow-on offering?,A follow-on offering is when a publicly traded company issues additional shares.
What is a short squeeze?,"A short squeeze happens when short-sellers are forced to buy back shares, driving prices up."
What is a margin account?,A margin account allows investors to borrow money to trade stocks.
What is leverage in stock trading?,Leverage involves using borrowed money to increase potential returns.
What is a day order?,A day order is a stock order that expires if not executed by the end of the trading day.
What is an after-hours trade?,An after-hours trade occurs outside of regular market hours.
What is a pre-market trade?,A pre-market trade occurs before the official market opening hours.
What is market sentiment?,Market sentiment refers to the overall attitude of investors toward the stock market.
What is a trading volume spike?,A volume spike indicates unusually high trading activity in a stock.
What is an earnings call?,An earnings call is a conference where company executives discuss financial performance.
What is a price target?,A price target is an analyst’s prediction of a stock’s future price.
What is an uptrend in stock trading?,An uptrend occurs when stock prices consistently move higher over time.
What is a downtrend in stock trading?,A downtrend occurs when stock prices consistently move lower over time.
What is a support level?,A support level is a price point where a stock tends to stop falling and bounce back.
What is a resistance level?,A resistance level is a price point where a stock tends to stop rising and pull back.
What is a symmetrical triangle pattern?,A symmetrical triangle pattern signals consolidation before a breakout.
What is a head and shoulders pattern?,A head and shoulders pattern indicates a trend reversal.
What is a double top pattern?,A double top pattern is a bearish reversal signal.
What is a double bottom pattern?,A double bottom pattern is a bullish reversal signal.
What is a cup and handle pattern?,A cup and handle pattern is a bullish continuation signal.
What is an ascending triangle pattern?,An ascending triangle pattern is a bullish continuation signal.
What is a descending triangle pattern?,A descending triangle pattern is a bearish continuation signal.
What is a symmetrical wedge pattern?,A symmetrical wedge pattern indicates potential price consolidation.
What is a stock’s float?,A stock’s float is the number of shares available for public trading.
What is a preferred stock?,A preferred stock is a type of equity that gives shareholders fixed dividends.
What is a common stock?,A common stock represents ownership in a company with voting rights.
What is a stockholder?,A stockholder is an individual or entity that owns shares in a company.
What is a brokerage account?,A brokerage account is an account that allows investors to buy and sell securities.
What is a discount broker?,A discount broker offers lower commission rates but limited advisory services.
What is a full-service broker?,A full-service broker provides investment advice and research along with trading services.
What is an investment bank?,An investment bank helps companies raise capital through stock issuance and other financial services.
What is an actively managed fund?,An actively managed fund is a mutual fund where managers make investment decisions.
What is a passively managed fund?,A passively managed fund tracks an index and requires minimal management.
What is asset allocation?,Asset allocation is the strategy of dividing investments among different asset classes.
What is dollar-cost averaging?,Dollar-cost averaging is an investment strategy where fixed amounts are invested at regular intervals.
What is diversification?,Diversification is spreading investments across different assets to reduce risk.
What is rebalancing?,Rebalancing adjusts a portfolio to maintain a desired asset allocation.
What is a speculative stock?,A speculative stock is high-risk with uncertain returns.
What is a cyclical industry?,A cyclical industry performs well in economic booms and poorly in downturns.
What is a defensive industry?,A defensive industry remains stable during economic downturns.
What is a yield curve?,A yield curve shows the relationship between bond yields and maturity lengths.
What is a stock bubble?,A stock bubble occurs when prices rise far above their intrinsic value.
What is a market crash?,"A market crash is a sudden, sharp decline in stock prices."
What is a capital gain?,A capital gain is the profit from selling an investment at a higher price.
What is a capital loss?,A capital loss is when an investment is sold for less than its purchase price.
What is an economic indicator?,An economic indicator is a statistic that reflects economic performance.
What is a stock?,A stock represents ownership in a company and constitutes a claim on part of its assets and earnings.
What are blue-chip stocks?,"Blue-chip stocks are shares of well-established, financially stable, and reputable companies with a long history of performance."
What is the Dow Jones Industrial Average?,The Dow Jones Industrial Average (DJIA) is an index of 30 major U.S. companies that tracks overall market performance.
What is the Nasdaq Composite?,"The Nasdaq Composite is an index that includes all stocks listed on the Nasdaq stock exchange, with a heavy weighting toward technology companies."
What is a stock ticker symbol?,A stock ticker symbol is a unique series of letters assigned to a publicly traded company for identification on exchanges.
What is a dividend yield?,"Dividend yield is the annual dividend payment divided by the stock's current price, expressed as a percentage."
What is a P/E ratio?,The Price-to-Earnings (P/E) ratio measures a company's stock price relative to its earnings per share.
What are support and resistance levels?,"Support is a price level where buying interest prevents a stock from falling further, while resistance is a level where selling interest prevents it from rising."
What is the RSI indicator?,The Relative Strength Index (RSI) is a momentum indicator that measures the speed and change of price movements to identify overbought or oversold conditions.
What is the MACD indicator?,The Moving Average Convergence Divergence (MACD) is a trend-following momentum indicator that shows the relationship between two moving averages.
What is bid-ask spread?,The bid-ask spread is the difference between the highest price a buyer is willing to pay and the lowest price a seller is willing to accept.
What are penny stocks?,"Penny stocks are low-priced, small-cap stocks that are highly speculative and often illiquid."
What is a REIT?,"A Real Estate Investment Trust (REIT) is a company that owns, operates, or finances income-generating real estate."
